Parked_%,Total_cost,Avg_cost,EV_charged_%,Charger_waste_%,LargeBay_waste_%,Visitor_dist,Staff_dist,Floor_spread,Park,Method,Runtime_s
100.0,113774.0,113.77,36.9,38.2,22.1,76.4,73.1,0.0,1,Baseline,0.08
100.0,94024.0,94.02,56.1,31.7,14.5,70.0,226.4,0.0,1,ILP,7.59
100.0,94873.0,94.87,54.5,32.4,14.9,70.4,226.4,0.0,1,B&B,2.19
100.0,94761.0,94.76,54.5,32.5,14.4,70.4,226.4,0.0,1,SA,0.32
100.0,94565.0,94.56,55.6,32.4,14.5,70.4,226.4,0.0,1,GA,1.02
100.0,94271.0,94.27,56.1,28.9,12.0,71.4,226.4,0.0,1,Hungarian,0.19
100.0,114994.0,114.99,19.7,16.8,38.7,75.8,78.0,0.0,2,Baseline,0.06
100.0,98042.0,98.04,32.3,11.5,29.2,70.1,203.5,0.0,2,ILP,7.1
100.0,98767.0,98.77,31.3,11.6,29.5,70.5,203.1,0.0,2,B&B,2.18
100.0,99055.0,99.05,30.8,11.8,29.9,70.6,203.1,0.0,2,SA,0.33
100.0,98767.0,98.77,31.3,11.8,30.2,70.3,203.0,0.0,2,GA,1.02
100.0,98485.0,98.49,33.3,10.2,28.9,71.0,202.5,0.0,2,Hungarian,0.16
90.5,65442.0,72.31,13.6,10.3,26.5,21.3,18.8,2.4,3,Baseline,0.06
90.6,55122.0,60.84,35.4,2.6,17.7,21.1,37.8,8.4,3,ILP,6.55
90.7,56246.0,62.01,32.8,3.3,18.1,21.3,38.0,8.0,3,B&B,0.1
90.8,56364.0,62.07,32.8,3.2,18.7,21.4,38.0,8.1,3,SA,0.24
90.8,56805.0,62.56,33.3,3.1,19.1,21.3,37.5,7.8,3,GA,0.71
90.8,55350.0,60.96,35.4,2.3,17.8,21.3,38.1,7.8,3,Hungarian,0.12
100.0,72636.0,72.64,31.3,29.8,20.1,18.4,18.3,2.1,4,Baseline,0.11
100.0,50660.0,50.66,83.3,3.5,3.4,22.0,44.9,14.8,4,ILP,7.4
100.0,50737.0,50.74,83.3,3.6,3.7,21.9,44.8,14.6,4,B&B,2.24
100.0,50746.0,50.75,83.3,3.6,3.7,21.9,44.8,14.5,4,SA,0.41
100.0,50842.0,50.84,83.3,3.7,3.9,21.9,44.9,14.4,4,GA,1.4
100.0,49733.0,49.73,87.9,1.1,3.0,22.4,44.8,14.6,4,Hungarian,0.26
100.0,72050.0,72.05,27.3,25.8,19.7,19.2,19.4,4.9,5,Baseline,0.1
100.0,53078.0,53.08,75.8,2.9,5.3,21.0,43.6,14.6,5,ILP,7.14
100.0,53331.0,53.33,75.3,3.0,5.4,21.2,43.6,14.6,5,B&B,2.22
100.0,53319.0,53.32,75.3,3.0,5.5,21.2,43.6,14.7,5,SA,0.36
100.0,53330.0,53.33,75.3,3.0,5.4,21.2,43.6,14.7,5,GA,1.11
100.0,52247.0,52.25,80.3,0.9,4.0,21.4,42.8,14.1,5,Hungarian,0.22
100.0,73826.0,73.83,31.3,28.4,23.3,19.3,19.2,0.5,6,Baseline,0.1
100.0,52664.0,52.66,80.3,3.6,6.3,22.1,44.0,14.4,6,ILP,7.08
100.0,52996.0,53.0,79.8,3.9,6.5,22.2,44.1,14.3,6,B&B,2.22
100.0,53007.0,53.01,79.8,3.9,6.5,22.2,44.1,14.3,6,SA,0.38
100.0,53184.0,53.18,79.3,4.1,6.7,22.2,43.3,14.4,6,GA,1.14
100.0,51601.0,51.6,85.4,1.6,4.8,22.4,44.0,14.0,6,Hungarian,0.23
100.0,71577.0,71.58,27.8,25.2,23.8,30.1,29.4,19.7,7,Baseline,0.08
100.0,52266.0,52.27,69.2,4.2,8.4,29.9,116.3,30.5,7,ILP,7.13
100.0,52432.0,52.43,69.2,4.9,8.6,29.8,116.3,30.3,7,B&B,2.2
100.0,52499.0,52.5,69.2,5.0,8.9,29.8,116.3,30.0,7,SA,0.36
100.0,52441.0,52.44,69.2,4.9,8.7,29.8,116.3,30.0,7,GA,1.18
100.0,51204.0,51.2,75.3,2.4,7.7,30.3,116.3,31.1,7,Hungarian,0.22
45.2,26069.0,57.67,11.1,16.5,17.0,22.0,21.8,0.0,8,Baseline,0.02
45.6,23102.0,50.66,17.7,9.7,13.7,22.0,26.5,0.0,8,ILP,3.77
45.2,23011.0,50.91,17.7,9.8,14.6,21.9,26.4,0.0,8,B&B,0.09
45.1,22918.0,50.82,17.7,9.8,14.1,21.9,26.4,0.0,8,SA,0.11
45.4,24362.0,53.66,15.7,11.1,15.5,22.0,25.9,0.0,8,GA,0.41
45.1,22805.0,50.57,18.7,9.3,14.9,21.9,25.4,0.0,8,Hungarian,0.04
100.0,73143.0,73.14,31.8,30.9,20.1,22.5,21.3,9.0,9,Baseline,0.11
100.0,51348.0,51.35,79.8,7.1,3.7,24.7,83.9,13.3,9,ILP,7.24
100.0,51367.0,51.37,80.8,6.5,3.9,24.8,83.9,13.4,9,B&B,2.26
100.0,51350.0,51.35,80.8,6.5,3.5,24.8,83.8,13.2,9,SA,0.48
100.0,51614.0,51.61,79.8,7.1,3.9,24.8,83.8,13.0,9,GA,1.23
100.0,49664.0,49.66,88.9,2.6,2.8,25.3,82.3,13.7,9,Hungarian,0.25
46.3,31491.0,68.01,11.6,24.0,34.0,13.9,12.8,5.8,10,Baseline,0.03
46.0,26311.0,57.2,23.2,11.2,27.2,14.4,16.8,7.4,10,ILP,3.39
46.2,26678.0,57.75,21.7,12.1,27.8,14.3,17.5,7.5,10,B&B,0.06
46.5,26740.0,57.51,22.7,11.8,27.5,14.3,17.1,7.3,10,SA,0.11
46.4,28020.0,60.39,22.2,14.2,29.2,14.2,18.3,8.9,10,GA,0.36
46.3,26788.0,57.86,22.7,12.2,28.0,14.4,16.9,8.0,10,Hungarian,0.04
